{
    "schema_load_mode": "auto",
    "project_key": "",
    "theme": "aside",
    "domain": "http://localhost:8080",
    "title": "Lambda Platform",
    "subTitle": "Програм хамгамж бүтээх ажлыг автоматжуулагч",
    "copyright": "Lambda Platform© 2021",
    "favicon": "/assets/lambda/images/favicon.png",
    "bg": "/assets/lambda/images/bg.png",
    "logo": "/assets/lambda/images/dark.svg",
    "logoText": "",
    "super_url": "/lambda/puzzle",
    "app_url": "/admin",
    "has_language": false,
    "withCrudLog": false,
    "krud_public": false,
    "languages": [
        {
            "label": "Moнгол",
            "code": "mn_MN"
        },
        {
            "label": "English",
            "code": "en_US"
        },
        {
            "label": "Korea",
            "code": "ko_KR"
        }
    ],
    "default_language": "mn-MN",
    "role-redirects": [
        {
            "role_id": 1,
            "url": "/lambda/puzzle"
        }
    ],
    "user_data_fields": [
        "id"
    ],
    "data_form_custom_elements": [],
    "data_grid_custom_elements": [],
    "password_reset_time_out": 0,
    "static_words": {

    },
    "notify": {
        "firebaseConfig": {
            "apiKey": "",
            "publicKey": "",
            "authDomain": "",
            "databaseURL": "",
            "projectId": "",
            "storageBucket": "",
            "messagingSenderId": "",
            "appId": "",
            "measurementId": ""
        },
        "serverKey": "",
        "sound": "/assets/lambda/notification.mp3",
        "icon": ""
    }
}
